user_id,username,email,airmiles
1,christian26,collinsjustin@example.org,89498
2,ghogan,uestrada@example.org,89129
3,deborah40,vanessabrown@example.net,51357
4,rcook,gwendolyn12@example.org,24931
5,vincent96,beckyaguirre@example.com,39090
6,mcdonalddanielle,robertalvarez@example.com,58521
7,davidwilliams,rebeccahart@example.org,51659
8,staceydavid,christophersanchez@example.com,67587
9,aaron66,justin97@example.net,10203
10,lwatson,paula63@example.org,78096
11,rbrown,jrobinson@example.com,28318
12,santiagocassandra,andrea30@example.com,44700
13,zachary97,huangandrew@example.net,66941
14,smithmatthew,nprice@example.net,65571
15,karina09,perryrobert@example.com,23202
16,peckmatthew,danielle59@example.org,23045
17,thomasshields,paigejordan@example.com,14327
18,cookandre,donnalopez@example.com,70767
19,garrett64,joshua58@example.com,10285
20,eugene80,uchambers@example.net,85537
21,meghanrodriguez,lisa82@example.com,28802
22,melissaschmidt,matthewmcmillan@example.com,58032
23,devon38,powelljessica@example.org,32755
24,fitzpatrickeric,pwatkins@example.net,56550
25,juliefry,john45@example.net,17315
26,ualvarado,osanders@example.com,73291
27,gonzaleznicole,harrisrichard@example.net,62888
28,nicolejohnson,pcarrillo@example.org,68579
29,aaroncochran,ubonilla@example.net,71986
30,edwardsjoshua,ohaley@example.com,37495
31,tina65,englishkaren@example.com,37747
32,whitneymiller,tpeterson@example.com,42682
33,webbkimberly,martinkelly@example.com,41172
34,phammond,herrerachristopher@example.com,49700
35,isabellarodriguez,sullivankimberly@example.org,66129
36,james77,ayoung@example.net,55288
37,kingbecky,jacob16@example.com,27698
38,teresa07,kevin40@example.com,8687
39,itran,karenchapman@example.net,39781
40,megan47,mmiller@example.com,22310
41,jacob53,welchangela@example.com,22517
42,joesalinas,brian57@example.org,41571
43,julie36,joshuajohnston@example.com,44412
44,angela51,harringtonbrandi@example.com,93650
45,joanna54,martinezchristopher@example.net,52897
46,jane36,zpeterson@example.com,34672
47,edurham,christopher27@example.org,47650
48,lwilliams,mcintoshnathan@example.com,34101
49,stephen85,stephenjohnson@example.org,96533
50,rodriguezmegan,tiffany35@example.net,73718
51,frankwatson,donna20@example.org,84300
52,larajohn,alexander03@example.net,38930
53,mariosharp,heidiyoung@example.org,18870
54,kathymitchell,heidimoore@example.com,11008
55,angelarichardson,murphykevin@example.com,83693
56,justinthomas,blackchristopher@example.org,17039
57,kristine13,brenda76@example.org,79476
58,trevorchandler,ttyler@example.com,92284
59,dustinrose,loganparsons@example.org,35670
60,longmichele,richardwilson@example.net,58113
61,michelleking,wcollins@example.com,52436
62,vsimmons,richard59@example.com,56451
63,parklindsey,wrodriguez@example.org,56829
64,jessica81,kevinelliott@example.net,53792
65,jessica45,danielleperry@example.net,16804
66,whamilton,psmith@example.org,98392
67,james73,timothy12@example.org,3507
68,nevans,manningvictoria@example.org,91791
69,lisa22,prichmond@example.com,94501
70,andrew43,jessica49@example.org,90198
71,bradleycharles,angelacompton@example.net,87629
72,joelcowan,psanchez@example.com,48896
73,simmonsleah,nmartin@example.com,28456
74,kmorgan,nathaniel98@example.org,38848
75,bhardin,morganmichael@example.com,16290
76,kwilson,jason57@example.org,90506
77,wanggregory,marc74@example.com,91173
78,kelsey81,alishablake@example.net,21620
79,lisalee,fanderson@example.com,28007
80,omason,bgarrison@example.org,4196
81,mcconnellscott,mannjon@example.net,61920
82,tiffanywhite,kimberlytaylor@example.com,94740
83,andreaalexander,leachnancy@example.net,82355
84,markbest,obrienbrendan@example.org,35048
85,seanmonroe,jamieramos@example.com,32303
86,nicholasmiller,shieldswilliam@example.net,56244
87,reneegarrison,clarkchelsea@example.net,25144
88,johnmoore,teresa45@example.net,63411
89,tgreen,lejeffrey@example.org,98485
90,plee,corey05@example.org,68399
91,randallphillips,allison03@example.net,32931
92,danny15,jasonproctor@example.net,26336
93,jose84,karengonzalez@example.com,38196
94,jeremiahgonzalez,jennarobinson@example.net,20148
95,coreyhoward,wcherry@example.org,64366
96,rwood,thomasmiller@example.net,1736
97,qbrown,owenkelly@example.com,3479
98,kimsherry,vbailey@example.com,63468
99,joneskimberly,lanesheri@example.com,2021
100,christine70,mmeadows@example.net,77875
101,danny45,chad22@example.com,92876
102,jenniferfleming,jasonbooker@example.net,99954
103,youngkari,baileyjessica@example.net,18723
104,shepardbrenda,wsimmons@example.org,26337
105,nsanchez,daniellewhite@example.org,57755
106,mossjaime,robert52@example.org,19141
107,clarkemaria,gregoryshane@example.org,35477
108,jillcampbell,wpowell@example.org,28329
109,terri58,daniellambert@example.org,6070
110,joshuaodom,ann85@example.com,12211
111,cruzcollin,ijennings@example.net,68704
112,kevinjordan,wallerwayne@example.org,88620
113,aromero,nalvarez@example.com,100000
114,jasonhernandez,hdoyle@example.net,17305
115,vswanson,william48@example.com,49693
116,zanderson,kirstenmurray@example.net,93461
117,jacquelinehill,cjones@example.net,69069
118,antoniorosario,mgreen@example.org,69870
119,julie30,davenporteduardo@example.com,59753
120,robertbrown,preed@example.org,53748
121,nbridges,robertsmith@example.com,90825
122,jwhite,mpage@example.com,14773
123,brandon96,crystalyates@example.com,12912
124,nicholasdeleon,kyu@example.org,97970
125,nancypatel,yvonne46@example.com,19920
126,harrisryan,david53@example.com,58678
127,timothy47,marydavis@example.com,47560
128,fhaas,obrown@example.net,50619
129,matthewsosa,benjaminnunez@example.org,1329
130,thomastimothy,kristen86@example.com,22058
131,vanessamiranda,lbarnes@example.com,85480
132,sarah58,ericatkins@example.org,24693
133,butlerjanice,lesliecarr@example.net,16848
134,toddkayla,robersonstacy@example.net,71344
135,theresazamora,richardmccormick@example.org,39287
136,edavis,zhale@example.org,57032
137,lburton,carolsmith@example.net,59552
138,xwilliams,ychristensen@example.net,73953
139,upitts,mcdonaldstacey@example.com,40090
140,roberthayes,joshualee@example.org,74184
141,pricejack,kathryn43@example.org,38428
142,cassandranavarro,phyllismccarthy@example.org,49547
143,christopher53,lawsonamy@example.org,59315
144,beasleyerica,imartin@example.net,9724
145,donald80,meganbrady@example.com,11385
146,dylan19,austin90@example.org,1049
147,geraldmarquez,johnsonnicole@example.com,49547
148,ashleydiaz,james40@example.org,31410
149,idavis,gonzalezjennifer@example.org,90820
150,lewiskayla,mmccall@example.org,15781
151,jerry11,charles42@example.org,38035
152,mallory58,amber34@example.net,38278
153,whitemichael,candacewhite@example.net,66945
154,adamlove,ashleymiller@example.com,4552
155,todd22,stevenlee@example.org,72508
156,wbright,uyoung@example.org,55521
157,shawndowns,bbyrd@example.net,17291
158,thompsonmatthew,johnberg@example.org,68795
159,knightbrooke,jordanbaker@example.org,7090
160,thomaswaller,gonzalezrachel@example.net,14945
161,morganperry,jeremy80@example.net,89200
162,uoneill,amber08@example.org,81334
163,susanhernandez,christopherdouglas@example.org,63018
164,caseyjohnson,rodriguezkevin@example.com,57665
165,timothyvasquez,kporter@example.org,7929
166,johnwelch,espinozaana@example.org,15015
167,vwilson,michellecarpenter@example.com,63343
168,woodsjerry,kmacias@example.com,91067
169,heatherrogers,matthew56@example.net,65250
170,garzadaisy,tward@example.org,83228
171,torresscott,debra92@example.com,74922
172,brayandrea,stokesthomas@example.com,79194
173,valerielowery,christina44@example.com,38110
174,vbrewer,kfoster@example.net,17897
175,wilsonaaron,davidblake@example.com,57095
176,williamcooper,jenningsmorgan@example.org,36671
177,christinemartinez,victorcollins@example.net,54518
178,iflores,denise75@example.com,40178
179,hreynolds,coxfrank@example.org,7809
180,zflowers,keith16@example.com,82449
181,johnnguyen,arussell@example.net,35454
182,aharper,smithtaylor@example.net,48658
183,travisanderson,lmccarty@example.com,74732
184,xlee,robertvaldez@example.com,62554
185,whughes,sara48@example.com,87446
186,mherrera,hfreeman@example.org,62923
187,erinkey,lclarke@example.org,84496
188,irwindonna,vconner@example.com,67169
189,warrenjonathan,johnphillips@example.org,41476
190,cwright,rebeccaherrera@example.org,45874
191,hernandezraymond,stephenscott@example.net,25089
192,donnafarmer,andersonadam@example.org,73583
193,lewiscody,courtney75@example.net,47090
194,beasleycynthia,masonjamie@example.net,26604
195,tgay,brucewoodward@example.com,70686
196,alvarezmichael,reedkristen@example.com,13674
197,wardsherry,brittany32@example.net,61696
198,eharris,schmidtstephanie@example.org,14609
199,jenniferhamilton,jessica25@example.net,87239
200,emartinez,mmiller@example.net,25405
201,jason17,christopher43@example.org,34168
202,ipage,ndavis@example.org,55273
203,criley,gonzalesjenny@example.net,21095
204,brittneyhill,randy97@example.com,69393
205,jamie39,petersenwilliam@example.com,67188
206,shawbrent,jennifer45@example.com,94413
207,ihernandez,william03@example.com,78286
208,hsmith,williamsonamanda@example.org,4652
209,gbrown,gibbskyle@example.net,70837
210,stephanie55,bwalker@example.net,76218
211,cuevaspam,riggsbrendan@example.org,37127
212,michelle39,ryanmegan@example.org,37098
213,marymiles,ashleyduncan@example.com,34693
214,anthony16,kaitlyn80@example.com,10738
215,edwardrodriguez,connie48@example.net,45083
216,lisamclaughlin,lorraine62@example.org,73931
217,vschroeder,derrickjackson@example.net,46407
218,mariadiaz,fcortez@example.net,83278
219,jeremyrios,nrichardson@example.net,35926
220,royrobertson,cmartinez@example.net,65522
221,boydmark,nancy86@example.com,82426
222,hannahelliott,john34@example.org,70441
223,johnsongabriel,courtney66@example.org,30796
224,wolfjessica,ryanjohnson@example.org,36622
225,andrewserik,adavis@example.net,3587
226,sharonherrera,knightvanessa@example.net,10253
227,brownjulie,wyattchristopher@example.com,61069
228,megannewton,harrellmegan@example.org,75281
229,bakerdennis,joshuacross@example.net,61627
230,andresmith,ashley38@example.net,82329
231,aknight,zavery@example.com,23655
232,lchen,pacedakota@example.org,47789
233,bbooth,qhardin@example.org,93700
234,owenswilliam,adamsryan@example.net,39988
235,spencer21,ashley15@example.org,75977
236,debra46,thomas02@example.org,57401
237,brennansteven,christopher81@example.net,89897
238,peterrussell,markboyd@example.org,89833
239,nicolehill,tstanton@example.org,31913
240,david44,benjamin35@example.com,81759
241,kevingonzalez,brownlori@example.com,28907
242,tholloway,palmerjennifer@example.net,96799
243,robinrichards,devin29@example.com,9319
244,rebecca37,justinvazquez@example.com,43509
245,kenneth15,jason87@example.com,48068
246,joseph65,eric90@example.net,61359
247,john13,kennethjackson@example.org,15808
248,evansmary,masonkathryn@example.org,36282
249,jeremyvasquez,morrisdaniel@example.com,18067
250,larry37,daviskathryn@example.net,28147
251,stephanie28,vallen@example.net,61203
252,orussell,marcus08@example.org,83753
253,maxwelldrake,john50@example.com,42676
254,alyssa73,rhonda41@example.net,98914
255,nicolemarshall,evansjason@example.net,48074
256,vray,hardychris@example.net,82611
257,iandrade,donaldsonsarah@example.org,59023
258,kellyhendricks,jennifer10@example.org,57757
259,donald84,todd51@example.org,84570
260,xortiz,james62@example.org,18669
261,gburnett,alex23@example.net,59265
262,msutton,elliselizabeth@example.net,53556
263,ashleydavis,chanson@example.net,3110
264,marilyn00,averykevin@example.net,30041
265,westwilliam,stephen29@example.net,8510
266,susanbradley,edavis@example.org,22341
267,mshaw,anneodom@example.com,53319
268,keithmartin,agibson@example.net,20630
269,deborahross,lisa05@example.net,85512
270,sara21,tara86@example.com,88374
271,ashleytaylor,hicksheather@example.com,93947
272,stephanie98,brianharris@example.org,52083
273,jamiejohnson,smiller@example.org,60325
274,thomas44,jennifer61@example.org,52519
275,xdeleon,raymondbarker@example.net,86964
276,jjarvis,morgantina@example.com,50654
277,dickersonthomas,samuelbartlett@example.org,18150
278,garrettmichael,reidcassandra@example.com,75263
279,thomasanne,bryanbrewer@example.org,55870
280,brenda02,vgalvan@example.org,33354
281,christopherhurst,amandajones@example.com,41891
282,gdaniel,jamieware@example.net,43275
283,deanna34,bryan44@example.net,74270
284,alan68,lisa30@example.com,69360
285,michael06,melissa89@example.net,86556
286,sharpmichael,erica35@example.com,32020
287,johnsonhannah,xduarte@example.net,82751
288,andrew74,michelle23@example.net,19724
289,daviscarrie,westphillip@example.org,79126
290,qcherry,ksmith@example.org,65933
291,dale91,jenkinsmichael@example.com,36850
292,egreer,xhoover@example.net,18600
293,vrogers,buckderrick@example.org,92686
294,mkhan,hubbardkayla@example.org,10102
295,uhunter,castanedamaria@example.net,33571
296,gabriel82,lewisrobert@example.net,82239
297,michael24,charleskevin@example.com,74032
298,vincent41,shawnvance@example.com,19587
299,ryan35,edward46@example.net,86407
300,wbowman,zcontreras@example.com,89736
301,obutler,aaronbennett@example.org,87158
302,valerierogers,chelsea85@example.net,10601
303,kellyburke,angelicamanning@example.net,89654
304,davidwilliamson,xgarcia@example.org,82459
305,katherinemcguire,samuelvelazquez@example.org,54100
306,ljohnson,noahthompson@example.com,46279
307,salinaskimberly,kellymiller@example.org,17326
308,theresa48,emily99@example.org,39476
309,millerkevin,hnelson@example.org,76986
310,evan57,katherine69@example.com,15224
311,nathaniel50,julie96@example.net,88908
312,annyoung,rdavis@example.org,60006
313,mburns,tracigriffin@example.org,79893
314,fernandezkyle,adammaxwell@example.net,27068
315,uparker,leefelicia@example.net,90555
316,jonescarlos,gregoryholmes@example.com,99383
317,cthomas,kaiserjamie@example.org,50910
318,patelloretta,douglasmccall@example.org,55082
319,thomaswilliam,alindsey@example.net,12904
320,brownhaley,owarren@example.org,63388
321,jessicawest,kgarcia@example.com,59565
322,ecross,darrylduarte@example.com,86006
323,dianabarnes,alexis55@example.net,15873
324,dmarks,brandonwilliams@example.net,68985
325,sfernandez,nwilliams@example.com,87091
326,mary30,dianathompson@example.org,75757
327,donna38,livingstonjennifer@example.org,76991
328,shannonthompson,tiffanywilson@example.com,39688
329,john29,hallashley@example.net,41499
330,perryisabella,tromero@example.org,89397
331,omar53,joshua01@example.org,48706
332,nicholasdiaz,ian02@example.net,64013
333,allisonsampson,smithkayla@example.com,69940
334,heatherbrown,petersonryan@example.net,46643
335,nathanielcastro,martinezpatrick@example.com,33510
336,nguyenjohn,michaela08@example.com,47400
337,rodrigueztimothy,mark37@example.com,72387
338,randallmichelle,nicholsonwilliam@example.org,62004
339,hunter48,vramirez@example.net,39565
340,montgomeryjason,laura66@example.net,3291
341,walkerreginald,danielsantiago@example.net,73442
342,lawrencelisa,rhondataylor@example.org,25616
343,bcoleman,rbuckley@example.org,13625
344,michellepeterson,powellrodney@example.net,8179
345,donald88,bridget83@example.net,99757
346,brian74,andrewssarah@example.net,15816
347,fisherjanice,georgepowell@example.org,45029
348,ccook,pmcpherson@example.net,96388
349,cfrench,donnamiller@example.com,70151
350,ronald40,brittanycamacho@example.com,91877
351,craig07,mcmillannicole@example.org,57047
352,jonesdylan,jimwalker@example.org,81530
353,kristigeorge,kimberly40@example.org,90826
354,slopez,lawrencejessica@example.com,89131
355,hwallace,megan73@example.com,83341
356,jeremy09,kcummings@example.org,9104
357,bakerlawrence,hsmith@example.net,56053
358,santosdaniel,amorales@example.org,52689
359,thomasjason,patricia58@example.net,59105
360,pallen,hillrichard@example.org,28494
361,woodcraig,achan@example.org,58583
362,kenneth79,ryan72@example.net,85209
363,ferrellsamantha,coxdouglas@example.net,79465
364,dylanramirez,heather05@example.org,3797
365,hkim,sfisher@example.org,77796
366,michelestevenson,michelle22@example.com,52050
367,smithwhitney,fishercarla@example.org,81960
368,benjamin36,escobarwilliam@example.net,86916
369,allenkeith,christinacook@example.net,21523
370,jackrivera,arellanochristopher@example.com,30286
371,hunterryan,martineztamara@example.com,15667
372,stacey45,jennifer30@example.com,93050
373,woodjoshua,brownrandy@example.org,23633
374,ldelgado,danielharrison@example.com,30084
375,nicholas12,joseph99@example.net,42683
376,stevenwilliams,ronald60@example.com,92102
377,brendareed,barbarawallace@example.net,2706
378,robertmartinez,brendajones@example.com,57979
379,johnsonmichelle,onealpaul@example.net,95912
380,parkerjennifer,kathysmith@example.com,18870
381,robertrobinson,lharmon@example.net,16257
382,charles80,dawn05@example.com,49232
383,carlaharris,davismichelle@example.org,73774
384,ejohnson,yhart@example.net,89287
385,brianrice,kimberly71@example.net,19615
386,rachellin,duncandavid@example.org,66992
387,sandersmichael,tracie64@example.net,4548
388,donaldsimpson,montgomerytina@example.net,50380
389,mary63,allenvickie@example.com,65471
390,abryant,shermanaaron@example.com,89046
391,garygreen,kevinrobertson@example.org,89578
392,williamsfelicia,rachael57@example.org,57501
393,coledoris,wwilson@example.net,65999
394,dcohen,jackson62@example.com,49205
395,williamlong,dmartinez@example.com,57150
396,dannyoliver,michelle28@example.org,41736
397,blopez,dorseypaul@example.org,3276
398,adrianwhite,carolgordon@example.net,14905
399,elizabethpark,sli@example.com,90372
400,thompsonmichael,stevenstone@example.net,44310
401,kimberlyvasquez,grahamalexander@example.org,7665
402,zacharydawson,jacob72@example.net,86177
403,watkinsanthony,joshuasanders@example.net,62186
404,navarroamanda,christopherlarson@example.com,95691
405,lisagardner,jeffrey30@example.org,76997
406,dgray,mbeck@example.com,7566
407,ztownsend,amberferguson@example.net,28962
408,maldonadosuzanne,lawrenceingram@example.net,37861
409,mullinsmicheal,stewartkaren@example.net,90113
410,marco38,josesmith@example.com,23905
411,hortonaaron,holdenrichard@example.net,72815
412,vbennett,gabriel35@example.net,45081
413,rogersmegan,steven56@example.com,42789
414,gibsondeanna,william11@example.net,6642
415,adamgoodman,iandersen@example.com,21383
416,rachel71,melvinnichols@example.com,78380
417,longangela,emiller@example.org,92558
418,elizabethwilliams,whitakerkatrina@example.com,18911
419,eestes,billy24@example.org,8928
420,edward45,morgandavid@example.org,72660
421,vbrock,markmitchell@example.net,63268
422,aliciabennett,daltondavid@example.org,30968
423,jacobgoodwin,ethansmith@example.org,49124
424,evansjeffrey,christinagreen@example.net,33708
425,melinda07,drangel@example.net,52903
426,lindseymoyer,charlesjohnson@example.com,58090
427,mcleanalexis,cooknicholas@example.com,35117
428,xhensley,uhoward@example.net,57079
429,ooneal,jamesrich@example.com,88234
430,heidifrench,kristenjones@example.com,21562
431,johnny77,crodriguez@example.com,97106
432,meganmarsh,gkramer@example.org,28727
433,osmith,joshuajones@example.net,70160
434,mrichardson,jessicachambers@example.org,88804
435,zmason,yrojas@example.com,76104
436,jonbrooks,kentdarren@example.com,95294
437,vegasharon,loriwilliams@example.org,1828
438,alexandra34,michael35@example.com,6396
439,jorgewalker,hernandezjennifer@example.com,62981
440,eddie35,jeremy31@example.org,15864
441,amandagarcia,sbruce@example.net,35079
442,aliciareed,donnahill@example.org,96190
443,walkerdustin,thomas07@example.net,2383
444,ruthtanner,moorekathleen@example.org,49997
445,jasonpotts,jenniferpatrick@example.org,59685
446,larry81,bakerjoel@example.net,11612
447,ehenry,fkrause@example.net,97339
448,cfleming,bryan15@example.net,60432
449,johntaylor,nramirez@example.com,84591
450,youngsarah,riverarichard@example.org,78080
451,vaguilar,brucejackson@example.org,36005
452,dhodges,taylor41@example.net,85847
453,johnmathews,mccormickdaniel@example.com,66907
454,toddwhite,qthompson@example.com,89335
455,jamie05,ryansanford@example.net,65177
456,stephen96,reevesjohn@example.net,92935
457,gregorykrueger,joshua79@example.org,62516
458,whitemark,tony75@example.com,40270
459,brangel,brittanysmith@example.org,55945
460,selena72,loriwhite@example.net,45319
461,dstanley,michael60@example.net,80220
462,paulsoto,joshuamitchell@example.net,22072
463,kennedymiguel,brownangela@example.com,18258
464,aolson,jilliancarson@example.net,12303
465,williamsmegan,rhondaavila@example.org,55507
466,bgarcia,tmontgomery@example.net,44328
467,sarahwilkins,stephen47@example.org,13985
468,ldelacruz,donaldraymond@example.com,73804
469,jessecoleman,baileyian@example.net,14863
470,elizabethtaylor,marc30@example.org,14021
471,nlopez,juanwhite@example.org,93192
472,curtiscarpenter,gloria00@example.com,16873
473,tammymarsh,fieldssean@example.org,59330
474,monique67,whitneydavis@example.com,29567
475,joshua54,dreid@example.org,43971
476,zbarajas,sethtaylor@example.org,51428
477,vsmith,kayla33@example.net,93888
478,kennethcox,zmiller@example.org,49852
479,brettscott,isilva@example.net,79819
480,jordanjeffrey,patriciaryan@example.net,46190
481,ogarcia,ddavis@example.org,16158
482,pdalton,mrobinson@example.com,86429
483,jenkinsthomas,matthewcooper@example.org,18093
484,jennifer97,devin79@example.org,89948
485,evanschad,jeremy10@example.net,48972
486,tranryan,linda12@example.org,21575
487,kmitchell,katherinecampbell@example.org,16603
488,nicole35,fmartinez@example.net,13964
489,qbrown,cantumonica@example.org,26027
490,wallen,berrybrett@example.net,37199
491,lindadelacruz,wperez@example.net,62731
492,zgonzalez,ian30@example.org,73442
493,sandra01,jhanson@example.com,99635
494,destrada,theresajohns@example.net,4725
495,matthewellis,dellis@example.com,53324
496,hsmith,ericamoore@example.net,40606
497,youngjoseph,guzmanbrian@example.org,86387
498,casedennis,lydiamiller@example.org,27864
499,pbraun,jlynn@example.org,61481
500,connernicole,rachelwalton@example.net,43754
501,john22,vasquezeric@example.net,44103
502,obooker,cli@example.net,64232
503,parksheather,moorejohn@example.org,45219
504,josephadams,heather44@example.net,6356
505,gallagherdonald,briannawatson@example.com,50530
506,smithanthony,ashley94@example.net,86429
507,grantsteven,shawthomas@example.org,62018
508,bjordan,toni85@example.com,97016
509,catherinehuynh,paul15@example.net,4555
510,cbartlett,longjames@example.net,24193
511,christopher89,barkerjoanna@example.org,95917
512,davisapril,collinsnicole@example.net,77453
513,marie04,marc28@example.org,2514
514,whitedorothy,jasonmurphy@example.net,52268
515,fieldsjohn,torreskathryn@example.com,37216
516,lindajohnson,dadkins@example.net,90654
517,jonathanbell,steven40@example.com,18051
518,marvin00,qwoods@example.com,94702
519,clarkediane,patrickjames@example.org,79767
520,mdonaldson,qruiz@example.com,25884
521,johnsonashley,carolynnguyen@example.net,58826
522,kimalyssa,jose79@example.com,78849
523,dwarner,emily24@example.net,71500
524,william14,biancarivera@example.com,46476
525,rjohnston,ohenderson@example.org,35555
526,aaronwalsh,mckeematthew@example.org,94517
527,annette21,annette77@example.net,22275
528,michaelwatson,jamiebruce@example.org,60702
529,zstephens,amanda66@example.net,64437
530,lisa59,gregorybradley@example.com,1311
531,diamondbanks,travis47@example.net,10440
532,awatts,ericafuller@example.net,44100
533,stephanie81,ejohnson@example.com,67809
534,annebishop,swalker@example.com,69566
535,josephsmith,romerochristina@example.org,91563
536,cynthiacurtis,kathleen99@example.org,33624
537,lthompson,hawkinsross@example.net,59410
538,charlotte05,krowe@example.com,64793
539,myersanthony,dbeasley@example.com,91990
540,chavezchristopher,connor09@example.net,58589
541,kevinrobinson,marshalltracy@example.org,25483
542,russellkimberly,deborahbrown@example.net,9926
543,alisongarcia,amy72@example.com,1728
544,andrew43,ycurry@example.org,58196
545,joseph37,jill09@example.net,23999
546,mwalton,nathan03@example.com,6629
547,rallen,ujohnson@example.org,44934
548,hickmandaniel,wwhite@example.org,42101
549,nhowe,douglas78@example.com,5705
550,howardhannah,garciapeter@example.com,14000
551,bnelson,justin68@example.com,50185
552,fjohnson,justinsaunders@example.org,70428
553,qedwards,johnsoncharlotte@example.org,19577
554,catherine67,bishopsusan@example.net,4367
555,anna38,coxtodd@example.com,11295
556,padillabrandon,dunlapcolleen@example.net,89433
557,donald65,griffinchristopher@example.net,13243
558,kristenhenry,ericoliver@example.org,92131
559,pottstroy,kylehart@example.org,66503
560,kathryn42,mccarthydebra@example.com,1203
561,susan36,michael35@example.org,89008
562,joseph35,delgadomichael@example.com,11803
563,vickieperez,wobrien@example.com,42931
564,lreeves,owensseth@example.net,6558
565,kennedyjonathan,kristi54@example.org,49256
566,pburns,joshua43@example.org,89931
567,nathanjohnson,mary32@example.org,81123
568,kevinwilson,rebeccachambers@example.com,48839
569,dwiggins,zscott@example.com,37708
570,davidclark,nmosley@example.com,47923
571,joseph71,dalecook@example.com,4006
572,wsnyder,vthomas@example.org,99918
573,diana44,christopherbarker@example.com,16823
574,teresahale,qjohnson@example.net,53273
575,michael35,vincentblair@example.net,44145
576,echavez,byrdalan@example.net,29981
577,larry92,mwarner@example.com,97403
578,joanfuller,daviddillon@example.com,12317
579,robertharrison,cynthia93@example.net,99214
580,fgarcia,patrick69@example.net,81460
581,holtjane,gregorycastaneda@example.net,46539
582,christopherbishop,crystal83@example.com,27076
583,maygina,whiteheadtodd@example.org,11009
584,ssoto,thomasheather@example.org,83663
585,johnfernandez,boydcharles@example.net,27651
586,rowetara,christianmoore@example.net,68680
587,lfoster,vcain@example.net,63942
588,ncurry,areed@example.org,77115
589,shawcory,wgarner@example.com,47155
590,jfitzpatrick,blackmichael@example.com,48272
591,jconley,nsmith@example.org,95022
592,jefferyhenderson,robert93@example.com,13912
593,timothyharper,cassandrastout@example.org,28321
594,katelyn74,beth98@example.net,52595
595,icombs,curtis94@example.net,53000
596,wayers,fanderson@example.org,80077
597,douglas09,campbelldanielle@example.net,33883
598,whiteheadwilliam,danielcole@example.net,57766
599,bradyholt,kimberly98@example.org,77932
600,danielmcmahon,scottlisa@example.net,28707
601,valerie91,madeline97@example.com,51365
602,john58,stacy83@example.net,76212
603,hortondesiree,aaronwells@example.org,51724
604,patricia76,ldixon@example.org,39657
605,cking,oscott@example.com,35736
606,juan70,brownmary@example.org,99893
607,morganbrian,lewismichael@example.com,23251
608,carolynreyes,johnrush@example.net,50764
609,sanfordjuan,andersonjames@example.net,62461
610,castanedashannon,cynthia82@example.org,99694
611,melinda61,phillipmullins@example.net,49185
612,christineparker,bgarcia@example.net,45169
613,ericgibson,williamwhite@example.org,81522
614,martinezreginald,patriciabanks@example.org,30713
615,barbara04,charlespatterson@example.org,44391
616,edward70,anthony15@example.org,97489
617,evansantonio,nicoleholland@example.com,8897
618,samanthalam,bryan88@example.org,53291
619,bruce75,carrollmelissa@example.org,11131
620,huffmanevelyn,dtaylor@example.com,49452
621,wardkaren,pittswendy@example.net,72500
622,ibeck,bakerrobert@example.net,78196
623,kathleenjones,james77@example.com,41881
624,kreeves,michele39@example.net,6098
625,joshuastanley,jesselucas@example.org,43181
626,kochcindy,david54@example.com,69249
627,matthewjoseph,rodriguezkyle@example.net,25625
628,evansmary,gutierrezdavid@example.net,65086
629,gberg,jennifer66@example.com,85125
630,grayjustin,kellyavila@example.com,83306
631,kgreen,yrodriguez@example.com,37235
632,ericamonroe,donaldclark@example.net,36695
633,conradronald,joyce36@example.net,95587
634,velasquezrichard,mbaker@example.net,55628
635,samuel42,john55@example.com,25425
636,xmosley,cassidyhoffman@example.com,12089
637,daltonjennifer,loretta18@example.net,64161
638,john28,hudsonjamie@example.com,21154
639,nmyers,tanya44@example.org,21614
640,jessica47,millerjoseph@example.com,91444
641,robertsjose,robertscharles@example.org,6562
642,jillfreeman,pacemary@example.com,51115
643,xballard,kduarte@example.com,27242
644,kellylong,richardcuevas@example.net,11145
645,ndaniels,shannon24@example.com,29654
646,fieldsmichael,christine01@example.org,11856
647,natalieroman,kellykathryn@example.net,80871
648,aprilwilkinson,timothybarnes@example.org,17128
649,mcarpenter,simpsonkimberly@example.net,97934
650,tmiles,jnelson@example.com,41977
651,huntercohen,nicholas17@example.com,52368
652,smoran,njones@example.com,49572
653,hparker,matthew89@example.com,52931
654,rossgomez,zcampbell@example.org,90025
655,ibell,robertsonsarah@example.net,17425
656,bnolan,sean54@example.net,25742
657,angela85,williamsdana@example.org,33914
658,todd25,susan28@example.org,29222
659,zacharybest,pbender@example.net,5028
660,bryantkimberly,sally94@example.org,38792
661,destiny00,qlopez@example.com,47094
662,wilsonjeffrey,jessica30@example.org,96133
663,rebeccaguerrero,cruzjohnathan@example.net,87584
664,manuel08,wthornton@example.net,22572
665,laura51,joseph00@example.net,32331
666,mhuff,woodsmary@example.com,70322
667,davidmurphy,meganwright@example.com,58208
668,lindawang,daltonday@example.net,38606
669,evelyn58,randall31@example.org,76690
670,billywilliamson,fisherkendra@example.net,30740
671,brittanydavis,john98@example.com,87090
672,kellychristina,nsmith@example.org,39986
673,ajohnson,williamdickson@example.net,38405
674,littleadam,christiangarcia@example.org,41475
675,emunoz,susankim@example.org,39513
676,michael44,wbowman@example.org,46987
677,nguyensharon,stephen10@example.org,65080
678,colleenwalker,nsimpson@example.net,51955
679,shelby01,darrenalvarado@example.net,19802
680,davisbrandon,owright@example.com,61874
681,sarah52,coreygarcia@example.net,44664
682,douglasmoreno,tanyacummings@example.net,76985
683,swansonchristopher,judy97@example.com,67288
684,wsawyer,angela23@example.com,36733
685,fho,keith45@example.org,70660
686,carterantonio,christinabates@example.net,61556
687,lsmith,richardwalsh@example.net,55110
688,millsandrew,stevensholly@example.org,64114
689,donnamiller,bcosta@example.org,90598
690,alvarezjacob,jacqueline28@example.org,30034
691,ricardobrewer,alex75@example.org,3028
692,berrywilliam,fcook@example.org,47561
693,tthornton,tonya25@example.com,3995
694,jacksonalexander,tgarcia@example.com,77756
695,dthomas,allen92@example.org,52456
696,hansendana,austinfrazier@example.net,54629
697,amber21,hollandzachary@example.net,5516
698,stephen19,phillipskendra@example.net,7808
699,malonebeth,jeremyrussell@example.net,16958
700,fandrews,rhoward@example.org,4733
701,laura90,robertking@example.org,56607
702,emily03,samanthajones@example.com,59066
703,garcianancy,christopheredwards@example.org,90253
704,luke09,petersondebbie@example.com,7220
705,iwatson,spencermatthew@example.org,66853
706,bradley54,cherryrhonda@example.net,35858
707,debralopez,grodriguez@example.org,48386
708,opeck,stephanie75@example.net,47759
709,jonathan02,donald98@example.org,45576
710,harrellstephen,moniqueperkins@example.net,72634
711,voneill,duartejennifer@example.com,47057
712,lauraperez,joel11@example.org,37152
713,taylorjoshua,jessica73@example.net,51384
714,nguyendustin,david73@example.org,87628
715,richard75,mcbrideamanda@example.com,82556
716,monica80,todd88@example.net,63451
717,bellchristopher,perrywilliam@example.org,31005
718,juliemorales,justin35@example.net,3275
719,rothstacey,manuelbaker@example.net,10946
720,campbelllarry,clifford24@example.com,29023
721,tylermyers,lambertbrandon@example.org,17689
722,dweber,fisherryan@example.net,20547
723,andersoncharles,sandra22@example.org,69986
724,douglas26,lindahernandez@example.com,40755
725,amanda72,kathy12@example.com,46386
726,michaelsmith,michelle58@example.org,12736
727,thompsondeborah,brownwilliam@example.net,18127
728,russelldavid,blong@example.org,65916
729,jacob83,icastillo@example.org,45995
730,cannonjoann,bassadam@example.com,96356
731,stacey14,emily31@example.org,98474
732,oliverphillip,catherinevaughn@example.org,69639
733,csmith,nicoleserrano@example.org,78720
734,nyoung,brandon00@example.org,6661
735,ruthandrade,davidwalters@example.org,96725
736,williamsmary,joshua01@example.com,31135
737,csanchez,nicolenguyen@example.org,32491
738,angel81,gonzalezmark@example.net,82800
739,blyons,jhernandez@example.net,57642
740,stevenhorne,petersalexander@example.org,18300
741,jsmith,gabrielflowers@example.net,64597
742,mmoreno,taylorrandall@example.net,62909
743,donald55,denisemayer@example.org,22187
744,kelli21,rrichards@example.net,12639
745,racheljenkins,marybeard@example.org,28366
746,william03,freemanrobert@example.com,48209
747,scott77,smartin@example.org,70727
748,fosterstacey,kristen71@example.org,15884
749,gregorywilliams,gscott@example.net,48964
750,louisgarcia,taylor16@example.com,98204
751,brendaowens,christinecole@example.net,81472
752,ethan94,whiterobert@example.org,93915
753,seth36,carsonkatherine@example.org,29218
754,williamskristy,erobinson@example.org,22175
755,oallen,santanaantonio@example.com,5154
756,jessicagardner,arellanobrandi@example.com,90346
757,aaron83,phillipsthomas@example.net,30773
758,dustin23,thomas81@example.com,65495
759,hlin,angelafields@example.com,75226
760,laurenmccann,ericjohnson@example.org,58445
761,torresashley,zobrien@example.com,11196
762,marshalldanielle,millerbarbara@example.com,59621
763,campbellgabriel,meaton@example.org,27954
764,lunatravis,ecooper@example.net,19681
765,shaneramos,rodrigueznicole@example.com,98971
766,mckeealyssa,petersmercedes@example.com,8195
767,mlawson,travis13@example.net,58758
768,aaron70,lellison@example.com,93054
769,bradfordsandra,jason68@example.net,99098
770,meyerkerry,millerandrew@example.org,60002
771,scottramirez,pattontricia@example.com,81793
772,ialvarez,wlucas@example.net,9135
773,hesscristina,feliciaholmes@example.com,94157
774,marksandoval,ohill@example.com,91990
775,codyholmes,johnrichard@example.com,16697
776,patricia61,michael67@example.com,21821
777,lewisjennifer,heidi99@example.org,25400
778,sday,craig51@example.com,90853
779,amandapeters,nicholas54@example.com,35791
780,timothy60,thomastyler@example.com,78013
781,parkssherry,wilkersonmark@example.org,75723
782,cervantesalice,kimberly28@example.net,77757
783,littlelisa,spatton@example.com,36888
784,eric98,khoward@example.com,38167
785,aochoa,sally10@example.net,56245
786,johnjones,garciatrevor@example.com,51329
787,johnmurphy,katieharris@example.org,17577
788,perrypatty,richard41@example.net,78381
789,wwyatt,annareed@example.com,51620
790,iking,anthonyadams@example.com,21529
791,mcdonalderin,victor28@example.com,82362
792,zhamilton,jessicapierce@example.com,7770
793,gonzalezshelby,loriperkins@example.org,5411
794,smithsamantha,ashleegarrett@example.net,33443
795,cmontgomery,vernon73@example.com,32944
796,brandonbird,millerjames@example.org,41848
797,michelle17,idixon@example.net,18363
798,martinezashley,chambersfrank@example.org,53070
799,rogersandrew,thomasmolina@example.net,98451
800,qanderson,juan47@example.org,78690
801,rachel78,bairderic@example.com,34983
802,imann,ohatfield@example.net,80443
803,jennasullivan,carrolltimothy@example.net,63507
804,lorrainejones,robertgarner@example.net,52116
805,santoskelly,christinehines@example.org,32613
806,rickhardy,ellenwiley@example.com,37001
807,hburgess,spencerhuff@example.org,16525
808,ginawarren,harrisonnancy@example.org,41535
809,david78,olsonnicole@example.org,72485
810,thomas00,johnathanpugh@example.org,26822
811,zachary13,pmartinez@example.org,55091
812,lisasanchez,brittney34@example.org,54357
813,sandersjennifer,morganstephanie@example.org,33552
814,mark57,yjoseph@example.org,24376
815,neaton,andrewmoon@example.com,58462
816,reiddiane,chapmanshelby@example.org,35986
817,acevedopamela,ashleymosley@example.net,23814
818,sharris,ycox@example.com,10155
819,ymccall,harperrhonda@example.org,6726
820,holly69,blakesuarez@example.com,43173
821,charlesjulia,mvaughn@example.com,99446
822,andrew05,bmccoy@example.net,16907
823,moralesmary,justin55@example.net,15393
824,sydney51,hurstamanda@example.net,70171
825,joseph80,bgreene@example.org,86145
826,huntdenise,orrgregory@example.com,76029
827,lambfrank,parkersteven@example.com,32679
828,luis82,anitacontreras@example.com,82618
829,ronaldbrennan,melissa80@example.net,89404
830,payneedward,pliu@example.com,43279
831,wwhite,richardcampbell@example.com,62805
832,katherinedudley,fletcherkimberly@example.org,19194
833,rshah,vcarter@example.com,2301
834,wfranco,thomas50@example.org,87048
835,dwong,cherylhernandez@example.com,34397
836,kim10,sharonwright@example.net,3780
837,hubbardpatricia,gardnershawn@example.net,55673
838,emcdonald,randy50@example.net,84528
839,hughesashley,georgejacob@example.com,78503
840,ccruz,travisschultz@example.net,93751
841,james37,mark06@example.com,47964
842,whutchinson,markcain@example.com,61820
843,rflores,thomaspennington@example.org,67534
844,walter95,valentinerick@example.com,32599
845,sabrina76,whitealexander@example.org,43810
846,williamsmelanie,grantjensen@example.com,14779
847,paulward,michaelwilkerson@example.com,13998
848,chardy,jeffrey64@example.org,17705
849,nanderson,jenniferwhite@example.com,66565
850,johnsonwilliam,baldwinthomas@example.org,95506
851,deleonmegan,jodi57@example.com,41616
852,andersonderek,kirbyrichard@example.com,30404
853,hernandezdawn,sarahsexton@example.net,5889
854,heathergomez,pnash@example.net,74662
855,kirbyjulia,cordovadavid@example.net,77383
856,jakebell,jessicadillon@example.com,57349
857,bakermichelle,sarah61@example.net,43096
858,anthony59,holderbrittany@example.com,18253
859,jonathanjenkins,rfields@example.com,80729
860,julie60,troy53@example.net,35684
861,barkerjoshua,xcook@example.com,87103
862,benjamin09,ericagallagher@example.net,1352
863,scottjones,julia85@example.org,29424
864,mark63,johnnguyen@example.org,65192
865,sean77,calvinjohnson@example.com,54427
866,jenniferhopkins,danielrobinson@example.org,46139
867,hallrandall,mary06@example.org,32948
868,tterry,christopherkelly@example.com,19122
869,samanthamoody,ncarey@example.net,92091
870,brandon44,mburke@example.net,80425
871,julieharris,jameshill@example.net,74351
872,sandraperez,alexandergoodwin@example.net,13457
873,ryan68,kwhite@example.org,7858
874,eddie56,erica13@example.com,67159
875,otanner,brandon44@example.com,87150
876,smithsharon,qchen@example.com,35241
877,tina86,larry29@example.net,48870
878,ymartinez,idavis@example.net,29784
879,shawnwallace,nicholskelly@example.com,19959
880,cfranklin,lisa64@example.org,32602
881,cassandra73,karenpark@example.org,8583
882,croberson,nicholasvilla@example.org,37162
883,itaylor,walterrichard@example.org,14232
884,xhowell,ncampos@example.org,65007
885,haydenblankenship,gutierreztheresa@example.com,64977
886,ryanbilly,kirkchan@example.com,27489
887,yatesjoyce,lchan@example.net,21820
888,harrisbriana,dayantonio@example.org,7515
889,kim65,chad13@example.com,67920
890,myersjesus,jessicajones@example.org,52884
891,bcopeland,mreeves@example.net,38562
892,lwhite,michaeljackson@example.net,46351
893,brownfelicia,cabrerazachary@example.org,53901
894,billyperkins,morgankrystal@example.com,80294
895,kimberlymeadows,usmith@example.net,56899
896,russelldesiree,michael41@example.com,24286
897,aaron81,keithamber@example.net,30885
898,diazjanice,vincentwilson@example.com,40252
899,jose29,zachary72@example.org,93265
900,pyang,james24@example.org,9145
901,tammyellis,vasquezlisa@example.org,34183
902,scott77,nrussell@example.net,28358
903,klopez,jcook@example.org,56039
904,marie17,aaron08@example.org,88922
905,pwright,russojoanne@example.net,75587
906,gerald00,anita98@example.com,8797
907,gomezalexander,dylanmurphy@example.net,81781
908,jcobb,yhicks@example.net,31576
909,richardsonchristine,paulawilliams@example.org,84780
910,rdavis,juanperez@example.com,1479
911,thomaswright,gutierreznicole@example.net,94356
912,christopher70,heatherfritz@example.org,63779
913,zwilliams,mariegarcia@example.org,65506
914,scottpittman,gramos@example.com,75916
915,freemanlaura,alyssa29@example.org,3090
916,maureenmatthews,michaelbray@example.org,92328
917,wcaldwell,william12@example.net,88973
918,holly12,snydersteven@example.com,98613
919,johnnyjames,jacobpatrick@example.com,78871
920,pwelch,cynthia90@example.com,37530
921,clarkalicia,taylortracy@example.org,65085
922,billy47,xlee@example.net,49682
923,rodriguezshawn,donna82@example.com,84804
924,flynnjessica,adamsbrandon@example.net,2769
925,wayne82,elizabeth96@example.com,9929
926,timothysmith,sierralewis@example.com,47693
927,richardsarah,johnsonjennifer@example.net,2096
928,millertimothy,heatherfry@example.com,74257
929,twells,castillomichael@example.com,47720
930,daviskendra,aharris@example.net,86130
931,whiteteresa,josephshannon@example.com,91463
932,xharris,xmcintyre@example.net,8892
933,ruizmelanie,sullivancourtney@example.net,6485
934,reevestimothy,james69@example.org,37600
935,arodriguez,williamjohnson@example.net,86914
936,diane24,flemingalex@example.com,16951
937,tonybarr,fletcherterry@example.com,49763
938,christopher17,baileytina@example.org,79514
939,lori15,nathanbennett@example.net,78773
940,smartinez,pearsonjessica@example.org,12285
941,johnpierce,coxbarbara@example.org,54117
942,vmcdonald,nuneztanya@example.net,5618
943,justin32,abbottbrandon@example.com,89098
944,tdavis,kellyhall@example.org,86331
945,joshuatrujillo,duranpenny@example.org,64511
946,julie27,fisheredward@example.org,45228
947,melvinbanks,vdavis@example.com,81962
948,chaseschultz,ljensen@example.org,91188
949,nicole14,kennethcollier@example.net,64075
950,gibsoneric,cynthiatorres@example.org,13646
951,mcclureraymond,iharvey@example.org,95102
952,braymonica,kenneth15@example.org,87381
953,alexandermelissa,holdentoni@example.org,60961
954,jorgepearson,byork@example.org,14783
955,jacquelinekelley,joseph87@example.com,31351
956,tina29,elizabethreese@example.net,28372
957,megan73,steven51@example.net,28288
958,amandahanson,georgedenise@example.org,98001
959,flowery,mcintoshelizabeth@example.net,70803
960,john25,cory57@example.com,40147
961,michaelhampton,zsantiago@example.com,2058
962,ofarley,ryan91@example.net,91321
963,griffindavid,chadford@example.org,95688
964,antonio61,katie08@example.com,61202
965,cynthia30,russell21@example.net,81522
966,timothyhinton,carpenterkatherine@example.org,47517
967,bruceweber,grayjustin@example.com,71122
968,ewallace,amandapadilla@example.net,36121
969,webermia,michael27@example.net,22484
970,fgilbert,christinabrown@example.net,15333
971,fnguyen,schmidtmargaret@example.net,40745
972,wcollins,awilliams@example.com,73583
973,sarah08,kathleen23@example.org,61858
974,travisconner,heather31@example.org,51458
975,jeremyjohnson,bethdavis@example.net,90097
976,ashleysteven,gonzalezmary@example.com,54308
977,donaldmolina,alexis11@example.org,75389
978,jeffrey05,tonyalynn@example.com,57943
979,lewisamber,richard07@example.net,26276
980,pflynn,fberry@example.net,40721
981,amybonilla,hchapman@example.org,74444
982,swarner,irojas@example.net,29330
983,hmiller,vazquezjamie@example.net,72100
984,millercharles,christopherrobinson@example.net,42749
985,shepardheather,frank74@example.net,34671
986,tylerwheeler,wmcdaniel@example.net,92019
987,richardbrown,janicehall@example.net,82321
988,stephaniesantiago,harry64@example.com,7601
989,brandonpatton,lindareynolds@example.com,90407
990,afletcher,fgomez@example.com,16016
991,johnfoster,raygeorge@example.com,62407
992,frank89,janice58@example.com,31249
993,gking,denise03@example.net,86708
994,balvarado,bookermatthew@example.com,30137
995,frazierdarrell,jaredbradford@example.net,3387
996,phillipsrobert,conleybrandon@example.com,1490
997,lindsaygarcia,betty06@example.net,9995
998,kimberlyvaughn,juliewilson@example.net,15965
999,cnorris,butleramanda@example.net,65754
1000,tsmith,jlee@example.com,60035
